{
    "pools": [
		{
            "rolls": 1,
            "entries": [
                {
                    "type": "item",
                    "name": "minecraft:spawn_egg",
                    "weight": 1,
                    "functions": [
                        {
                            "function": "set_count",
                            "count": {
                                "min": 4,
                                "max": 8
                            }
                        },
						{
                            "function": "set_data",
                            "data": 12
                        }
                    ]
                }
            ]
        }
    ]
}