{
  "format_version": "1.8.0",
  "minecraft:entity": {
    "description": {
      "identifier": "christmas:gift",
      "is_spawnable": true,
      "is_summonable": true,
      "is_experimental": true
    },
    "components": {
      "minecraft:type_family": {
        "family": [ "gift"]
      },
      "minecraft:collision_box": {
        "width": 0.5,
        "height": 1.975
      },
        "minecraft:movement": {
        "value": 0,
        "max": 0
      },
      "minecraft:health": {
        "value": 1,
        "max": 1
      },
      "minecraft:loot": {
        "table": "loot_tables/entities/loot0.json"
      },
      "minecraft:nameable": {
      },
      "minecraft:physics": {
      }
    },

    "events": {
    }
  }
}